Name,A0,A1,A2,A3,A4,A5,A6
Olivia Martin,0,0,0,0,0,0,0
Ethan Walker,30,45,55,65,60,50,40
Liam Carter,55,60,65,70,75,80,85
Noah Patel,40,50,60,70,80,90,95
Emma Hughes,68,72,70,74,69,71,73
Ava Thompson,77,79,81,83,85,87,89
Sophia Ramirez,82,85,88,90,87,89,91
Mason Edwards,92,88,90,94,89,91,93
